"","acceptedScientificName","LON","LAT"
"5","Lontra felina (Molina, 1782)",-71.55902,-17.25639
"6","Lontra felina (Molina, 1782)",-71.56079,-17.25681
"7","Lontra felina (Molina, 1782)",-71.54916,-17.25691
"8","Lontra felina (Molina, 1782)",-71.54515,-17.25718
"9","Lontra felina (Molina, 1782)",-71.54847,-17.25725
"10","Lontra felina (Molina, 1782)",-71.55277,-17.25727
"11","Lontra felina (Molina, 1782)",-71.55142,-17.25763
"12","Lontra felina (Molina, 1782)",-71.52051,-17.26556
"13","Lontra felina (Molina, 1782)",-71.52101,-17.26585
"14","Lontra felina (Molina, 1782)",-71.52095,-17.26588
"15","Lontra felina (Molina, 1782)",-71.52574,-17.26772
"16","Lontra felina (Molina, 1782)",-71.52842,-17.26801
"17","Lontra felina (Molina, 1782)",-71.47317,-17.30827
"18","Lontra felina (Molina, 1782)",-71.47342,-17.30828
"19","Lontra felina (Molina, 1782)",-71.4732,-17.30832
"20","Lontra felina (Molina, 1782)",-71.47313,-17.30842
"21","Lontra felina (Molina, 1782)",-71.47332,-17.31244
"22","Lontra felina (Molina, 1782)",-71.4738,-17.31503
"23","Lontra felina (Molina, 1782)",-71.47396,-17.31589
"24","Lontra felina (Molina, 1782)",-71.47407,-17.31625
"25","Lontra felina (Molina, 1782)",-71.4738,-17.31944
"26","Lontra felina (Molina, 1782)",-71.47504,-17.31967
"27","Lontra felina (Molina, 1782)",-71.46744,-17.32061
"28","Lontra felina (Molina, 1782)",-71.46713,-17.32122
"29","Lontra felina (Molina, 1782)",-71.46649,-17.32337
"30","Lontra felina (Molina, 1782)",-71.46524,-17.32412
"31","Lontra felina (Molina, 1782)",-71.46326,-17.32483
"32","Lontra felina (Molina, 1782)",-71.46345,-17.32487
"33","Lontra felina (Molina, 1782)",-71.46017,-17.32614
"34","Lontra felina (Molina, 1782)",-71.45778,-17.3285
"35","Lontra felina (Molina, 1782)",-71.45321,-17.3306
"36","Lontra felina (Molina, 1782)",-71.45239,-17.33178
"40","Lontra felina (Molina, 1782)",-71.43193,-17.35788
"41","Lontra felina (Molina, 1782)",-71.43187,-17.35792
"42","Lontra felina (Molina, 1782)",-71.43149,-17.35822
"43","Lontra felina (Molina, 1782)",-71.43093,-17.35857
"45","Lontra felina (Molina, 1782)",-71.43133,-17.36275
"46","Lontra felina (Molina, 1782)",-71.43083,-17.36411
"47","Lontra felina (Molina, 1782)",-71.43105,-17.36543
"48","Lontra felina (Molina, 1782)",-71.43039,-17.36566
"64","Lontra felina (Molina, 1782)",-71.34746,-17.64387
"66","Lontra felina (Molina, 1782)",-71.3658,-17.69988
"68","Lontra felina (Molina, 1782)",-71.3655,-17.70244
"71","Lontra felina (Molina, 1782)",-71.36614,-17.70294
"90","Lontra felina (Molina, 1782)",-71.10407,-17.85127
"91","Lontra felina (Molina, 1782)",-71.10236,-17.85448
"92","Lontra felina (Molina, 1782)",-71.09694,-17.86805
"94","Lontra felina (Molina, 1782)",-71.09714,-17.86821
"97","Lontra felina (Molina, 1782)",-70.88715,-18.00727
"98","Lontra felina (Molina, 1782)",-70.88066,-18.01187
"99","Lontra felina (Molina, 1782)",-70.88056,-18.01231
"100","Lontra felina (Molina, 1782)",-70.88024,-18.01244
"102","Lontra felina (Molina, 1782)",-70.88025,-18.01248
"107","Lontra felina (Molina, 1782)",-70.8756,-18.01416
"109","Lontra felina (Molina, 1782)",-70.72932,-18.11851
"110","Lontra felina (Molina, 1782)",-70.85424,-18.02643
"111","Lontra felina (Molina, 1782)",-70.85236,-18.02604
"112","Lontra felina (Molina, 1782)",-70.85571,-18.02592
"113","Lontra felina (Molina, 1782)",-70.8558,-18.02556
"114","Lontra felina (Molina, 1782)",-70.85622,-18.02496
"115","Lontra felina (Molina, 1782)",-70.85777,-18.0244
"116","Lontra felina (Molina, 1782)",-70.85783,-18.02431
"117","Lontra felina (Molina, 1782)",-70.85807,-18.02404
"118","Lontra felina (Molina, 1782)",-70.85868,-18.02327
"119","Lontra felina (Molina, 1782)",-70.85876,-18.02287
"120","Lontra felina (Molina, 1782)",-70.85923288,-18.022869
"125","Lontra felina (Molina, 1782)",-70.86008,-18.02246
"126","Lontra felina (Molina, 1782)",-70.85981395,-18.022448
"127","Lontra felina (Molina, 1782)",-70.85977,-18.02242
"128","Lontra felina (Molina, 1782)",-70.86049057,-18.022134
"130","Lontra felina (Molina, 1782)",-70.86055,-18.02163
"131","Lontra felina (Molina, 1782)",-70.8609653,-18.021479
"132","Lontra felina (Molina, 1782)",-70.86116,-18.02123
"133","Lontra felina (Molina, 1782)",-70.86121616,-18.021088
"134","Lontra felina (Molina, 1782)",-70.86136,-18.02098
"138","Lontra felina (Molina, 1782)",-70.86356847,-18.02028
"142","Lontra felina (Molina, 1782)",-70.86684,-18.01883
"143","Lontra felina (Molina, 1782)",-70.86688,-18.01879
"144","Lontra felina (Molina, 1782)",-70.86860588,-18.017991
"147","Lontra felina (Molina, 1782)",-70.87137213,-18.017042
"148","Lontra felina (Molina, 1782)",-70.87674694,-18.014533
"149","Lontra felina (Molina, 1782)",-70.87855672,-18.014226
"150","Lontra felina (Molina, 1782)",-70.87531567,-18.014023
"151","Lontra felina (Molina, 1782)",-70.87449002,-18.013633
"152","Lontra felina (Molina, 1782)",-70.87980726,-18.012832
"153","Lontra felina (Molina, 1782)",-70.88037041,-18.01251
"154","Lontra felina (Molina, 1782)",-70.88057583,-18.012291
"155","Lontra felina (Molina, 1782)",-70.88064164,-18.012263
"157","Lontra felina (Molina, 1782)",-70.88168309,-18.010745
"158","Lontra felina (Molina, 1782)",-70.88276729,-18.009695
"163","Lontra felina (Molina, 1782)",-71.09690976,-17.868383
"164","Lontra felina (Molina, 1782)",-71.09724627,-17.868118
"165","Lontra felina (Molina, 1782)",-71.0973406,-17.868117
"166","Lontra felina (Molina, 1782)",-71.09746227,-17.868034
"167","Lontra felina (Molina, 1782)",-71.09742433,-17.868016
"168","Lontra felina (Molina, 1782)",-71.09610172,-17.867859
"169","Lontra felina (Molina, 1782)",-71.09552462,-17.867721
"171","Lontra felina (Molina, 1782)",-71.09732216,-17.867349
"172","Lontra felina (Molina, 1782)",-71.09715556,-17.866514
"174","Lontra felina (Molina, 1782)",-71.09724532,-17.866428
"175","Lontra felina (Molina, 1782)",-71.09724521,-17.866419
"176","Lontra felina (Molina, 1782)",-71.09728199,-17.865534
"183","Lontra felina (Molina, 1782)",-71.10422187,-17.85161
"184","Lontra felina (Molina, 1782)",-71.10411419,-17.851277
"208","Lontra felina (Molina, 1782)",-71.17574494,-17.802876
"210","Lontra felina (Molina, 1782)",-71.17565823,-17.801946
"227","Lontra felina (Molina, 1782)",-71.36030544,-17.664894
"229","Lontra felina (Molina, 1782)",-71.35847787,-17.662748
"230","Lontra felina (Molina, 1782)",-71.35812804,-17.659762
"232","Lontra felina (Molina, 1782)",-71.35531002,-17.65752
"233","Lontra felina (Molina, 1782)",-71.35541258,-17.657437
"235","Lontra felina (Molina, 1782)",-71.3518751,-17.654201
"236","Lontra felina (Molina, 1782)",-71.34745493,-17.643911
"237","Lontra felina (Molina, 1782)",-71.3474162,-17.64383
"238","Lontra felina (Molina, 1782)",-71.34734061,-17.643813
"239","Lontra felina (Molina, 1782)",-71.347312,-17.643786
"242","Lontra felina (Molina, 1782)",-71.34552077,-17.64369
"243","Lontra felina (Molina, 1782)",-71.34684518,-17.643385
"244","Lontra felina (Molina, 1782)",-71.34680726,-17.643368
"246","Lontra felina (Molina, 1782)",-71.3426965,-17.638747
"247","Lontra felina (Molina, 1782)",-71.34308211,-17.638697
"248","Lontra felina (Molina, 1782)",-71.34313,-17.63868
"249","Lontra felina (Molina, 1782)",-71.34312897,-17.638678
"251","Lontra felina (Molina, 1782)",-71.34259722,-17.636547
"253","Lontra felina (Molina, 1782)",-71.34458009,-17.626322
"255","Lontra felina (Molina, 1782)",-71.39239297,-17.395471
"261","Lontra felina (Molina, 1782)",-71.40416897,-17.385195
"262","Lontra felina (Molina, 1782)",-71.4042347,-17.385185
"266","Lontra felina (Molina, 1782)",-71.43045741,-17.365601
"267","Lontra felina (Molina, 1782)",-71.43148204,-17.365553
"268","Lontra felina (Molina, 1782)",-71.4308874,-17.365397
"269","Lontra felina (Molina, 1782)",-71.43100382,-17.364953
"270","Lontra felina (Molina, 1782)",-71.42987265,-17.364768
"272","Lontra felina (Molina, 1782)",-71.42988146,-17.364723
"273","Lontra felina (Molina, 1782)",-71.42861101,-17.363962
"274","Lontra felina (Molina, 1782)",-71.43082917,-17.363835
"275","Lontra felina (Molina, 1782)",-71.42829864,-17.363812
"276","Lontra felina (Molina, 1782)",-71.43123606,-17.363307
"278","Lontra felina (Molina, 1782)",-71.43126818,-17.362177
"281","Lontra felina (Molina, 1782)",-71.43126747,-17.362123
"282","Lontra felina (Molina, 1782)",-71.43067629,-17.361516
"283","Lontra felina (Molina, 1782)",-71.43038795,-17.358909
"284","Lontra felina (Molina, 1782)",-71.43150812,-17.358263
"285","Lontra felina (Molina, 1782)",-71.43186917,-17.357825
"290","Lontra felina (Molina, 1782)",-71.45007433,-17.332728
"291","Lontra felina (Molina, 1782)",-71.45036534,-17.332688
"292","Lontra felina (Molina, 1782)",-71.45142545,-17.332494
"293","Lontra felina (Molina, 1782)",-71.45171562,-17.332391
"294","Lontra felina (Molina, 1782)",-71.45225102,-17.331635
"295","Lontra felina (Molina, 1782)",-71.45268335,-17.330907
"296","Lontra felina (Molina, 1782)",-71.45270156,-17.330862
"297","Lontra felina (Molina, 1782)",-71.45361942,-17.33058
"298","Lontra felina (Molina, 1782)",-71.45385377,-17.330523
"299","Lontra felina (Molina, 1782)",-71.45487565,-17.330284
"300","Lontra felina (Molina, 1782)",-71.45681791,-17.329953
"301","Lontra felina (Molina, 1782)",-71.45594203,-17.329856
"302","Lontra felina (Molina, 1782)",-71.45681515,-17.329746
"303","Lontra felina (Molina, 1782)",-71.45731871,-17.328719
"304","Lontra felina (Molina, 1782)",-71.45784804,-17.328215
"305","Lontra felina (Molina, 1782)",-71.45825576,-17.327054
"306","Lontra felina (Molina, 1782)",-71.45873132,-17.32675
"307","Lontra felina (Molina, 1782)",-71.45945266,-17.326543
"308","Lontra felina (Molina, 1782)",-71.45999535,-17.326337
"309","Lontra felina (Molina, 1782)",-71.45997643,-17.326329
"310","Lontra felina (Molina, 1782)",-71.4604356,-17.325501
"311","Lontra felina (Molina, 1782)",-71.46051709,-17.325265
"312","Lontra felina (Molina, 1782)",-71.46342724,-17.324886
"313","Lontra felina (Molina, 1782)",-71.46350221,-17.324867
"314","Lontra felina (Molina, 1782)",-71.46345496,-17.32485
"317","Lontra felina (Molina, 1782)",-71.46315385,-17.324835
"318","Lontra felina (Molina, 1782)",-71.46381358,-17.32424
"319","Lontra felina (Molina, 1782)",-71.4651669,-17.324178
"320","Lontra felina (Molina, 1782)",-71.46557156,-17.323496
"321","Lontra felina (Molina, 1782)",-71.46648176,-17.323349
"322","Lontra felina (Molina, 1782)",-71.46650997,-17.323349
"323","Lontra felina (Molina, 1782)",-71.46592643,-17.323311
"324","Lontra felina (Molina, 1782)",-71.46708325,-17.32121
"325","Lontra felina (Molina, 1782)",-71.46689484,-17.321185
"326","Lontra felina (Molina, 1782)",-71.4752136,-17.320929
"327","Lontra felina (Molina, 1782)",-71.47533571,-17.320919
"328","Lontra felina (Molina, 1782)",-71.47522216,-17.320866
"329","Lontra felina (Molina, 1782)",-71.46735819,-17.320674
"330","Lontra felina (Molina, 1782)",-71.47491512,-17.320409
"331","Lontra felina (Molina, 1782)",-71.46740122,-17.320375
"332","Lontra felina (Molina, 1782)",-71.47483882,-17.320329
"333","Lontra felina (Molina, 1782)",-71.47532712,-17.320277
"334","Lontra felina (Molina, 1782)",-71.4755131,-17.320122
"336","Lontra felina (Molina, 1782)",-71.47536001,-17.319925
"337","Lontra felina (Molina, 1782)",-71.47494221,-17.319623
"338","Lontra felina (Molina, 1782)",-71.47374538,-17.31943
"339","Lontra felina (Molina, 1782)",-71.47370583,-17.319286
"340","Lontra felina (Molina, 1782)",-71.47276262,-17.319072
"341","Lontra felina (Molina, 1782)",-71.47285615,-17.319034
"342","Lontra felina (Molina, 1782)",-71.47473412,-17.318831
"343","Lontra felina (Molina, 1782)",-71.47250441,-17.31875
"344","Lontra felina (Molina, 1782)",-71.46843964,-17.318565
"345","Lontra felina (Molina, 1782)",-71.4685034,-17.318411
"346","Lontra felina (Molina, 1782)",-71.47152901,-17.318238
"347","Lontra felina (Molina, 1782)",-71.47438513,-17.318049
"348","Lontra felina (Molina, 1782)",-71.46887043,-17.317729
"349","Lontra felina (Molina, 1782)",-71.47082963,-17.317271
"350","Lontra felina (Molina, 1782)",-71.4741564,-17.316417
"351","Lontra felina (Molina, 1782)",-71.47411323,-17.316002
"352","Lontra felina (Molina, 1782)",-71.47423219,-17.315757
"353","Lontra felina (Molina, 1782)",-71.47258657,-17.313645
"354","Lontra felina (Molina, 1782)",-71.47305581,-17.313576
"355","Lontra felina (Molina, 1782)",-71.47300844,-17.31355
"356","Lontra felina (Molina, 1782)",-71.47333457,-17.312625
"357","Lontra felina (Molina, 1782)",-71.47169023,-17.312013
"358","Lontra felina (Molina, 1782)",-71.47370626,-17.31159
"359","Lontra felina (Molina, 1782)",-71.47249317,-17.310178
"360","Lontra felina (Molina, 1782)",-71.47211456,-17.309289
"361","Lontra felina (Molina, 1782)",-71.47316532,-17.308409
"362","Lontra felina (Molina, 1782)",-71.47321076,-17.308291
"363","Lontra felina (Molina, 1782)",-71.4719512,-17.30762
"364","Lontra felina (Molina, 1782)",-71.52786082,-17.267136
"365","Lontra felina (Molina, 1782)",-71.52920371,-17.266966
"366","Lontra felina (Molina, 1782)",-71.52574274,-17.26616
"367","Lontra felina (Molina, 1782)",-71.52091682,-17.265905
"368","Lontra felina (Molina, 1782)",-71.52858284,-17.265556
"369","Lontra felina (Molina, 1782)",-71.52018217,-17.26511
"370","Lontra felina (Molina, 1782)",-71.52229052,-17.264614
"371","Lontra felina (Molina, 1782)",-71.51899843,-17.263779
"372","Lontra felina (Molina, 1782)",-71.52976044,-17.262298
"373","Lontra felina (Molina, 1782)",-71.5635503,-17.259991
"374","Lontra felina (Molina, 1782)",-71.56354956,-17.259937
"375","Lontra felina (Molina, 1782)",-71.56471144,-17.259669
"376","Lontra felina (Molina, 1782)",-71.56345935,-17.259532
"377","Lontra felina (Molina, 1782)",-71.56550907,-17.258891
"380","Lontra felina (Molina, 1782)",-71.56348708,-17.258818
"381","Lontra felina (Molina, 1782)",-71.56348696,-17.258809
"382","Lontra felina (Molina, 1782)",-71.55138824,-17.258051
"383","Lontra felina (Molina, 1782)",-71.55141999,-17.257626
"384","Lontra felina (Molina, 1782)",-71.5612306,-17.25742
"385","Lontra felina (Molina, 1782)",-71.54599273,-17.257369
"386","Lontra felina (Molina, 1782)",-71.56111682,-17.257349
"387","Lontra felina (Molina, 1782)",-71.5612578,-17.257347
"388","Lontra felina (Molina, 1782)",-71.55252476,-17.257305
"389","Lontra felina (Molina, 1782)",-71.55274994,-17.257275
"390","Lontra felina (Molina, 1782)",-71.54843528,-17.257266
"391","Lontra felina (Molina, 1782)",-71.54516307,-17.25719
"392","Lontra felina (Molina, 1782)",-71.54510507,-17.257074
"393","Lontra felina (Molina, 1782)",-71.55052761,-17.256987
"394","Lontra felina (Molina, 1782)",-71.54990634,-17.256922
"395","Lontra felina (Molina, 1782)",-71.54989694,-17.256922
"396","Lontra felina (Molina, 1782)",-71.54784713,-17.256876
"397","Lontra felina (Molina, 1782)",-71.54803348,-17.256756
"398","Lontra felina (Molina, 1782)",-71.55894228,-17.256437
"399","Lontra felina (Molina, 1782)",-71.55897913,-17.256382
"400","Lontra felina (Molina, 1782)",-71.56191184,-17.256381
"401","Lontra felina (Molina, 1782)",-71.54925931,-17.256352
"402","Lontra felina (Molina, 1782)",-71.55881849,-17.256321
"403","Lontra felina (Molina, 1782)",-71.55893127,-17.25632
"418","Lontra felina (Molina, 1782)",-72.931602,-16.51915
"423","Lontra felina (Molina, 1782)",-75.2521944444444,-15.2531666666667
"433","Lontra felina (Molina, 1782)",-74.9444166666667,-15.519
"434","Lontra felina (Molina, 1782)",-70.9111666666667,-17.9478333333333
"438","Lontra felina (Molina, 1782)",-71.563487100832,-17.2588176194868
"439","Lontra felina (Molina, 1782)",-71.5634593703114,-17.2595314867665
"440","Lontra felina (Molina, 1782)",-71.5619118587607,-17.2563810619771
"441","Lontra felina (Molina, 1782)",-71.5612578126964,-17.2573467763037
"442","Lontra felina (Molina, 1782)",-71.5588185066195,-17.2563211395477
"444","Lontra felina (Molina, 1782)",-71.5505276303224,-17.2569865569187
"445","Lontra felina (Molina, 1782)",-71.5492593304515,-17.2563523601943
"446","Lontra felina (Molina, 1782)",-71.5484352994492,-17.2572660063515
"447","Lontra felina (Molina, 1782)",-71.5451630920415,-17.2571900794776
"449","Lontra felina (Molina, 1782)",-71.5278608374302,-17.2671360513033
"450","Lontra felina (Molina, 1782)",-71.5189984474952,-17.263779126378
"451","Lontra felina (Molina, 1782)",-71.4753271332074,-17.320277294808
"452","Lontra felina (Molina, 1782)",-71.4753357247118,-17.3209184802371
"453","Lontra felina (Molina, 1782)",-71.4749422221831,-17.3196226963164
"454","Lontra felina (Molina, 1782)",-71.4749151398382,-17.3204088393492
"455","Lontra felina (Molina, 1782)",-71.4747341360597,-17.3188304273547
"456","Lontra felina (Molina, 1782)",-71.474232205292,-17.3157566203849
"457","Lontra felina (Molina, 1782)",-71.4730084523751,-17.3135497901787
"458","Lontra felina (Molina, 1782)",-71.4727626342424,-17.3190715567239
"459","Lontra felina (Molina, 1782)",-71.4725865860968,-17.3136453211524
"460","Lontra felina (Molina, 1782)",-71.4716902507227,-17.3120125045332
"461","Lontra felina (Molina, 1782)",-71.4715290260384,-17.318237749879
"462","Lontra felina (Molina, 1782)",-71.467083263028,-17.3212100094834
"463","Lontra felina (Molina, 1782)",-71.4659264488884,-17.3233107274983
"464","Lontra felina (Molina, 1782)",-71.4638135964934,-17.3242399739824
"465","Lontra felina (Molina, 1782)",-71.4634272536726,-17.3248860244732
"466","Lontra felina (Molina, 1782)",-71.460435616845,-17.3255008860976
"467","Lontra felina (Molina, 1782)",-71.4599953712319,-17.3263372735935
"468","Lontra felina (Molina, 1782)",-71.4582557809797,-17.3270541363472
"469","Lontra felina (Molina, 1782)",-71.4573187241751,-17.3287185661546
"470","Lontra felina (Molina, 1782)",-71.4568151632843,-17.3297454061241
"471","Lontra felina (Molina, 1782)",-71.4559420432699,-17.329855478182
"472","Lontra felina (Molina, 1782)",-71.4548756694683,-17.3302840504876
"473","Lontra felina (Molina, 1782)",-71.4536194364865,-17.3305794595224
"474","Lontra felina (Molina, 1782)",-71.4526833694981,-17.3309070672107
"475","Lontra felina (Molina, 1782)",-71.4517156368813,-17.3323912061341
"476","Lontra felina (Molina, 1782)",-71.451425470374,-17.3324941172949
"477","Lontra felina (Molina, 1782)",-71.4503653543499,-17.3326877490862
"479","Lontra felina (Molina, 1782)",-71.4042347114444,-17.3851849948477
"480","Lontra felina (Molina, 1782)",-71.4041689889245,-17.3851948191421
"485","Lontra felina (Molina, 1782)",-71.3584778827641,-17.6627478374185
"488","Lontra felina (Molina, 1782)",-71.3554125958845,-17.6574371899071
"489","Lontra felina (Molina, 1782)",-71.3553100318946,-17.6575197108701
"490","Lontra felina (Molina, 1782)",-71.3474162136357,-17.6438300256894
"491","Lontra felina (Molina, 1782)",-71.3455207867624,-17.6436900074817
"492","Lontra felina (Molina, 1782)",-71.344580103435,-17.6263221770967
"493","Lontra felina (Molina, 1782)",-71.3431289869707,-17.6386781830435
"494","Lontra felina (Molina, 1782)",-71.3430821242104,-17.6386968056798
"496","Lontra felina (Molina, 1782)",-71.1756582451729,-17.8019462846117
"508","Lontra felina (Molina, 1782)",-71.1042218876001,-17.8516100314834
"512","Lontra felina (Molina, 1782)",-71.095524631675,-17.8677206314727
"515","Lontra felina (Molina, 1782)",-71.495349,-32.511544
"516","Lontra felina (Molina, 1782)",-71.77009,-33.13123
"517","Lontra felina (Molina, 1782)",-71.525598,-29.098613
"518","Lontra felina (Molina, 1782)",-74.093706,-41.866898
"520","Lontra felina (Molina, 1782)",-71.544568,-32.004023
"523","Lontra felina (Molina, 1782)",-76.883268,-12.512684
"524","Lontra felina (Molina, 1782)",-76.850778,-12.526766
"527","Lontra felina (Molina, 1782)",-71.421067,-32.379515
"528","Lontra felina (Molina, 1782)",-71.747799,-33.497134
"531","Lontra felina (Molina, 1782)",-71.560171,-29.086397
"533","Lontra felina (Molina, 1782)",-70.381935,-18.44796
"538","Lontra felina (Molina, 1782)",-71.746478,-33.175109
"540","Lontra felina (Molina, 1782)",-71.705944,-33.492434
"542","Lontra felina (Molina, 1782)",-71.316924,-29.440796
"543","Lontra felina (Molina, 1782)",-73.017712,-36.63086
"546","Lontra felina (Molina, 1782)",-71.539797,-32.911252
"547","Lontra felina (Molina, 1782)",-71.786118,-33.027927
"552","Lontra felina (Molina, 1782)",-71.689926,-33.317113
"553","Lontra felina (Molina, 1782)",-71.763113,-33.202992
"555","Lontra felina (Molina, 1782)",-73.033214,-43.697571
"558","Lontra felina (Molina, 1782)",-71.536618,-32.026238
"562","Lontra felina (Molina, 1782)",-71.647681,-33.564399
"564","Lontra felina (Molina, 1782)",-73.093024,-43.637352
"565","Lontra felina (Molina, 1782)",-73.121064,-43.718659
"566","Lontra felina (Molina, 1782)",-73.160113,-43.709991
"567","Lontra felina (Molina, 1782)",-73.189368,-43.709242
"568","Lontra felina (Molina, 1782)",-73.002378,-43.785463
"569","Lontra felina (Molina, 1782)",-73.066366,-43.761374
"571","Lontra felina (Molina, 1782)",-71.54064,-32.508115
"573","Lontra felina (Molina, 1782)",-71.713013,-33.033363
"574","Lontra felina (Molina, 1782)",-71.383021,-29.914893
"575","Lontra felina (Molina, 1782)",-70.665567,-26.042969
"576","Lontra felina (Molina, 1782)",-71.530107,-32.559728
"581","Lontra felina (Molina, 1782)",-73.376417,-36.722383
"582","Lontra felina (Molina, 1782)",-71.507,-32.382558
"585","Lontra felina (Molina, 1782)",-73.736848,-41.715605
"587","Lontra felina (Molina, 1782)",-72.617406,-42.544447
"589","Lontra felina (Molina, 1782)",-71.541616,-32.852686
"590","Lontra felina (Molina, 1782)",-72.672505,-32.631046
"595","Lontra felina (Molina, 1782)",-71.680572,-33.54065
"597","Lontra felina (Molina, 1782)",-73.15996,-36.716897
"598","Lontra felina (Molina, 1782)",-71.70475,-33.511403
"599","Lontra felina (Molina, 1782)",-71.526114,-32.599856
"600","Lontra felina (Molina, 1782)",-71.530447,-32.241083
"601","Lontra felina (Molina, 1782)",-71.43203,-32.360201
"602","Lontra felina (Molina, 1782)",-71.720594,-33.44231
"603","Lontra felina (Molina, 1782)",-71.670317,-33.03227
"605","Lontra felina (Molina, 1782)",-71.543834,-32.69978
"606","Lontra felina (Molina, 1782)",-71.589171,-32.763953
"609","Lontra felina (Molina, 1782)",-71.492404,-32.523489
"610","Lontra felina (Molina, 1782)",-71.461189,-32.368383
"611","Lontra felina (Molina, 1782)",-73.793716,-41.716343
"612","Lontra felina (Molina, 1782)",-73.594643,-39.876631
"614","Lontra felina (Molina, 1782)",-71.758007,-33.056138
"615","Lontra felina (Molina, 1782)",-73.764415,-39.842069
"616","Lontra felina (Molina, 1782)",-74.192962,-41.975475
"618","Lontra felina (Molina, 1782)",-71.504679,-32.497596
"619","Lontra felina (Molina, 1782)",-70.544739,-23.708884
"620","Lontra felina (Molina, 1782)",-71.580222,-32.463438
"622","Lontra felina (Molina, 1782)",-72.732359,-42.945402
"624","Lontra felina (Molina, 1782)",-71.294981,-29.940407
"625","Lontra felina (Molina, 1782)",-71.700359,-33.384495
"626","Lontra felina (Molina, 1782)",-71.583394,-32.701409
"628","Lontra felina (Molina, 1782)",-71.725698,-33.360274
"629","Lontra felina (Molina, 1782)",-73.291593,-39.458987
"635","Lontra felina (Molina, 1782)",-73.386318,-36.70945
"636","Lontra felina (Molina, 1782)",-71.515335,-32.479427
"640","Lontra felina (Molina, 1782)",-71.768885,-33.477015
"642","Lontra felina (Molina, 1782)",-73.186926,-36.735939
"646","Lontra felina (Molina, 1782)",-71.733429,-33.538398
"648","Lontra felina (Molina, 1782)",-71.55933,-32.494747
"649","Lontra felina (Molina, 1782)",-71.579352,-32.287982
"650","Lontra felina (Molina, 1782)",-71.492788,-32.376911
"651","Lontra felina (Molina, 1782)",-73.019596,-43.630271
"655","Lontra felina (Molina, 1782)",-73.289854,-36.751641
"656","Lontra felina (Molina, 1782)",-70.796842,-26.160782
"657","Lontra felina (Molina, 1782)",-71.669794,-33.025218
"658","Lontra felina (Molina, 1782)",-71.481847,-32.496484
"659","Lontra felina (Molina, 1782)",-71.54565,-32.35141
"661","Lontra felina (Molina, 1782)",-71.738842,-33.567091
"664","Lontra felina (Molina, 1782)",-71.711347,-33.445675
"668","Lontra felina (Molina, 1782)",-73.772552,-41.670418
"672","Lontra felina (Molina, 1782)",-71.777,-33.379231
"673","Lontra felina (Molina, 1782)",-71.594362,-32.286777
"674","Lontra felina (Molina, 1782)",-71.732962,-33.459004
"676","Lontra felina (Molina, 1782)",-72.023187,-17.086817
"677","Lontra felina (Molina, 1782)",-73.650664,-41.793143
"678","Lontra felina (Molina, 1782)",-73.739061,-41.609457
"681","Lontra felina (Molina, 1782)",-73.688275,-41.614254
"685","Lontra felina (Molina, 1782)",-71.38047,-29.924435
"686","Lontra felina (Molina, 1782)",-71.787917,-33.186713
"687","Lontra felina (Molina, 1782)",-73.317091,-39.449301
"688","Lontra felina (Molina, 1782)",-71.578826,-29.000117
"689","Lontra felina (Molina, 1782)",-71.768224,-33.486685
"691","Lontra felina (Molina, 1782)",-70.969306,-27.005913
"692","Lontra felina (Molina, 1782)",-70.538044,-23.767274
"694","Lontra felina (Molina, 1782)",-73.082745,-36.642343
"695","Lontra felina (Molina, 1782)",-73.330833,-36.616278
"697","Lontra felina (Molina, 1782)",-70.965969,-26.89319
"698","Lontra felina (Molina, 1782)",-71.517718,-29.048096
"699","Lontra felina (Molina, 1782)",-77.737913,-11.333305
"700","Lontra felina (Molina, 1782)",-73.238116,-36.601346
"701","Lontra felina (Molina, 1782)",-73.389143,-36.71711
"702","Lontra felina (Molina, 1782)",-71.533631,-29.204078
"703","Lontra felina (Molina, 1782)",-73.258864,-36.665154
"704","Lontra felina (Molina, 1782)",-71.538979,-32.22904
"707","Lontra felina (Molina, 1782)",-76.993732,-12.500734
"710","Lontra felina (Molina, 1782)",-71.683331,-33.288287
"714","Lontra felina (Molina, 1782)",-71.591523,-32.375446
"716","Lontra felina (Molina, 1782)",-71.681996,-33.028027
"717","Lontra felina (Molina, 1782)",-71.365207,-29.891889
"718","Lontra felina (Molina, 1782)",-73.237921,-36.637047
"720","Lontra felina (Molina, 1782)",-71.758674,-33.057159
"721","Lontra felina (Molina, 1782)",-70.70571,-23.504811
"722","Lontra felina (Molina, 1782)",-71.449984,-32.352214
"724","Lontra felina (Molina, 1782)",-70.202,-20.945038
"726","Lontra felina (Molina, 1782)",-73.41543,-37.032105
"727","Lontra felina (Molina, 1782)",-71.570088,-32.604516
"728","Lontra felina (Molina, 1782)",-71.395655,-30.094866
"731","Lontra felina (Molina, 1782)",-71.76647,-33.405646
"732","Lontra felina (Molina, 1782)",-71.679142,-33.567385
"733","Lontra felina (Molina, 1782)",-71.594858,-32.604655
"734","Lontra felina (Molina, 1782)",-71.447503,-32.661936
"735","Lontra felina (Molina, 1782)",-71.562415,-32.736599
"736","Lontra felina (Molina, 1782)",-73.065125,-43.605085
"737","Lontra felina (Molina, 1782)",-72.047906,-17.134102
"738","Lontra felina (Molina, 1782)",-71.545312,-32.351283
"739","Lontra felina (Molina, 1782)",-73.462139,-39.629264
"744","Lontra felina (Molina, 1782)",-70.141727,-20.911816
"745","Lontra felina (Molina, 1782)",-71.576812,-29.252346
"746","Lontra felina (Molina, 1782)",-77.216156,-11.711842
"748","Lontra felina (Molina, 1782)",-70.875929,-27.121756
"749","Lontra felina (Molina, 1782)",-73.159886,-36.628046
"753","Lontra felina (Molina, 1782)",-77.162618,-11.977082
"754","Lontra felina (Molina, 1782)",-71.767337,-33.224031
"756","Lontra felina (Molina, 1782)",-77.25819,-11.7025
"757","Lontra felina (Molina, 1782)",-73.543175,-39.682088
"759","Lontra felina (Molina, 1782)",-73.007872,-43.698659
"761","Lontra felina (Molina, 1782)",-73.740826,-39.839714
"762","Lontra felina (Molina, 1782)",-71.315564,-29.873432
"764","Lontra felina (Molina, 1782)",-70.155877,-20.939808
"765","Lontra felina (Molina, 1782)",-70.214212,-20.824476
"767","Lontra felina (Molina, 1782)",-73.271845,-36.636004
"768","Lontra felina (Molina, 1782)",-71.596924,-32.472813
"771","Lontra felina (Molina, 1782)",-71.358581,-29.908128
"773","Lontra felina (Molina, 1782)",-71.790179,-33.450341
"774","Lontra felina (Molina, 1782)",-71.701058,-33.531194
"776","Lontra felina (Molina, 1782)",-71.709039,-33.458297
"778","Lontra felina (Molina, 1782)",-71.786271,-33.516143
"780","Lontra felina (Molina, 1782)",-71.714082,-33.519948
"781","Lontra felina (Molina, 1782)",-73.414846,-39.860137
"784","Lontra felina (Molina, 1782)",-70.439456,-23.652183
"785","Lontra felina (Molina, 1782)",-76.786406,-12.537156
"786","Lontra felina (Molina, 1782)",-71.795118,-33.17993
"789","Lontra felina (Molina, 1782)",-73.279782,-36.698629
"793","Lontra felina (Molina, 1782)",-71.571915,-32.227119
"794","Lontra felina (Molina, 1782)",-74.166139,-41.958092
"796","Lontra felina (Molina, 1782)",-71.58626,-32.874565
"797","Lontra felina (Molina, 1782)",-73.145578,-36.733534
"799","Lontra felina (Molina, 1782)",-71.525036,-29.073177
"801","Lontra felina (Molina, 1782)",-72.119701,-17.042705
"802","Lontra felina (Molina, 1782)",-71.584718,-29.134127
"803","Lontra felina (Molina, 1782)",-71.523039,-32.267295
"807","Lontra felina (Molina, 1782)",-70.377269,-20.806005
"809","Lontra felina (Molina, 1782)",-71.373379,-29.972205
"811","Lontra felina (Molina, 1782)",-70.347859,-18.538181
"812","Lontra felina (Molina, 1782)",-73.026988,-36.60791
"813","Lontra felina (Molina, 1782)",-71.568501,-32.888067
"814","Lontra felina (Molina, 1782)",-71.563748,-30.213835
"822","Lontra felina (Molina, 1782)",-71.598426,-32.557078
"824","Lontra felina (Molina, 1782)",-73.555843,-39.831991
"825","Lontra felina (Molina, 1782)",-71.62608,-33.511258
"827","Lontra felina (Molina, 1782)",-71.573511,-32.445606
"828","Lontra felina (Molina, 1782)",-71.496677,-29.218709
"834","Lontra felina (Molina, 1782)",-74.197506,-42.169164
"837","Lontra felina (Molina, 1782)",-71.564525,-32.81675
"839","Lontra felina (Molina, 1782)",-73.377805,-36.611059
"840","Lontra felina (Molina, 1782)",-71.594195,-32.711396
"841","Lontra felina (Molina, 1782)",-70.796365,-26.075028
"844","Lontra felina (Molina, 1782)",-73.397879,-39.614832
"845","Lontra felina (Molina, 1782)",-73.179655,-43.747778
"846","Lontra felina (Molina, 1782)",-71.598544,-29.146135
"847","Lontra felina (Molina, 1782)",-73.361002,-36.733435
"849","Lontra felina (Molina, 1782)",-71.705013,-33.296669
"850","Lontra felina (Molina, 1782)",-71.72721,-33.088279
"852","Lontra felina (Molina, 1782)",-71.420589,-29.280252
"853","Lontra felina (Molina, 1782)",-71.718115,-33.362836
"855","Lontra felina (Molina, 1782)",-71.378797,-29.857019
"858","Lontra felina (Molina, 1782)",-71.437073,-29.391917
"859","Lontra felina (Molina, 1782)",-71.527404,-29.107831
"860","Lontra felina (Molina, 1782)",-71.421634,-29.331613
"866","Lontra felina (Molina, 1782)",-71.773444,-33.016757
"867","Lontra felina (Molina, 1782)",-71.37278,-29.694742
"868","Lontra felina (Molina, 1782)",-71.571589,-29.318408
"869","Lontra felina (Molina, 1782)",-70.377481,-18.527144
"870","Lontra felina (Molina, 1782)",-71.581312,-29.290653
"871","Lontra felina (Molina, 1782)",-71.530442,-32.690523
"874","Lontra felina (Molina, 1782)",-71.714602,-33.055839
"875","Lontra felina (Molina, 1782)",-71.788967,-33.409753
"878","Lontra felina (Molina, 1782)",-70.351738,-18.496892
"880","Lontra felina (Molina, 1782)",-74.108348,-41.848599
"881","Lontra felina (Molina, 1782)",-71.783764,-33.272045
"882","Lontra felina (Molina, 1782)",-71.511896,-29.035587
"883","Lontra felina (Molina, 1782)",-73.177106,-37.129846
"884","Lontra felina (Molina, 1782)",-71.727206,-33.378012
"886","Lontra felina (Molina, 1782)",-71.411228,-29.385498
"887","Lontra felina (Molina, 1782)",-71.415126,-29.303487
"888","Lontra felina (Molina, 1782)",-71.507423,-29.200899
"891","Lontra felina (Molina, 1782)",-70.660057,-26.111607
"893","Lontra felina (Molina, 1782)",-71.759862,-33.296117
"895","Lontra felina (Molina, 1782)",-71.428842,-29.274415
"897","Lontra felina (Molina, 1782)",-71.58914,-29.382174
"898","Lontra felina (Molina, 1782)",-71.594724,-29.195981
"899","Lontra felina (Molina, 1782)",-70.485769,-23.648628
"900","Lontra felina (Molina, 1782)",-73.778798,-40.40524
"904","Lontra felina (Molina, 1782)",-73.486445,-39.852712
"906","Lontra felina (Molina, 1782)",-71.516694,-29.006133
"908","Lontra felina (Molina, 1782)",-74.056784,-41.87381
"909","Lontra felina (Molina, 1782)",-71.478851,-29.298242
"910","Lontra felina (Molina, 1782)",-73.386303,-39.622327
"911","Lontra felina (Molina, 1782)",-71.571641,-32.769159
"912","Lontra felina (Molina, 1782)",-70.77641,-26.278317
"913","Lontra felina (Molina, 1782)",-70.705848,-26.339152
"915","Lontra felina (Molina, 1782)",-70.782428,-26.235477
"916","Lontra felina (Molina, 1782)",-70.702428,-26.255505
"917","Lontra felina (Molina, 1782)",-70.562023,-23.658617
"918","Lontra felina (Molina, 1782)",-71.550989,-29.055476
"919","Lontra felina (Molina, 1782)",-74.19965,-43.385235
"922","Lontra felina (Molina, 1782)",-76.853756,-12.454768
"924","Lontra felina (Molina, 1782)",-71.426905,-29.339344
"929","Lontra felina (Molina, 1782)",-74.118417,-41.891985
"930","Lontra felina (Molina, 1782)",-74.053562,-41.852157
"934","Lontra felina (Molina, 1782)",-71.58798,-29.046065
"935","Lontra felina (Molina, 1782)",-71.590169,-29.194982
"937","Lontra felina (Molina, 1782)",-71.565888,-29.193502
"938","Lontra felina (Molina, 1782)",-71.513702,-29.117523
"941","Lontra felina (Molina, 1782)",-71.565619,-29.059915
"942","Lontra felina (Molina, 1782)",-71.554987,-29.017047
"943","Lontra felina (Molina, 1782)",-71.561419,-29.254448
"944","Lontra felina (Molina, 1782)",-71.551774,-29.088112
"945","Lontra felina (Molina, 1782)",-71.492582,-29.39425
"946","Lontra felina (Molina, 1782)",-74.197247,-42.035964
"948","Lontra felina (Molina, 1782)",-73.760344,-40.586383
"949","Lontra felina (Molina, 1782)",-71.521843,-32.638473
"950","Lontra felina (Molina, 1782)",-71.598353,-29.285708
"954","Lontra felina (Molina, 1782)",-70.708934,-26.164563
"955","Lontra felina (Molina, 1782)",-74.918795,-43.50411
"956","Lontra felina (Molina, 1782)",-74.982561,-43.542288
"957","Lontra felina (Molina, 1782)",-74.886518,-43.504368
"958","Lontra felina (Molina, 1782)",-74.996404,-43.526487
"959","Lontra felina (Molina, 1782)",-74.829268,-43.403576
"960","Lontra felina (Molina, 1782)",-74.827806,-43.500011
"961","Lontra felina (Molina, 1782)",-74.860769,-43.457841
"964","Lontra felina (Molina, 1782)",-74.193894,-41.981696
"965","Lontra felina (Molina, 1782)",-71.552662,-32.462769
"966","Lontra felina (Molina, 1782)",-70.746786,-25.416722
"967","Lontra felina (Molina, 1782)",-76.727209,-12.584241
"968","Lontra felina (Molina, 1782)",-77.39722,-11.625457
"970","Lontra felina (Molina, 1782)",-74.161398,-41.814692
"972","Lontra felina (Molina, 1782)",-71.557635,-29.33016
"974","Lontra felina (Molina, 1782)",-74.197421,-41.988501
"975","Lontra felina (Molina, 1782)",-73.353611,-43.366667
"976","Lontra felina (Molina, 1782)",-73.28527,-42.582081
"977","Lontra felina (Molina, 1782)",-74.137563,-41.967864
"979","Lontra felina (Molina, 1782)",-70.762661,-18.126331
"980","Lontra felina (Molina, 1782)",-71.528392,-32.055806
"981","Lontra felina (Molina, 1782)",-74.117527,-41.960665
"983","Lontra felina (Molina, 1782)",-71.566616,-29.040292
"984","Lontra felina (Molina, 1782)",-70.781399,-26.024023
"986","Lontra felina (Molina, 1782)",-71.456177,-29.341888
"990","Lontra felina (Molina, 1782)",-72.001554,-17.058566
"992","Lontra felina (Molina, 1782)",-71.535344,-32.133951
"997","Lontra felina (Molina, 1782)",-74.085889,-41.874702
"998","Lontra felina (Molina, 1782)",-74.186875,-41.99533
"999","Lontra felina (Molina, 1782)",-74.128417,-41.842405
"1002","Lontra felina (Molina, 1782)",-74.161294,-41.862172
"1003","Lontra felina (Molina, 1782)",-74.143058,-41.90038
"1007","Lontra felina (Molina, 1782)",-71.512568,-29.127982
"1010","Lontra felina (Molina, 1782)",-74.081187,-41.914467
"1011","Lontra felina (Molina, 1782)",-74.0602,-41.916908
"1014","Lontra felina (Molina, 1782)",-73.925428,-41.622682
"1015","Lontra felina (Molina, 1782)",-70.795148,-26.094844
"1029","Lontra felina (Molina, 1782)",-73.162089,-36.739572
"1033","Lontra felina (Molina, 1782)",-70.342584,-18.755146
"1034","Lontra felina (Molina, 1782)",-73.162089,-36.739572
"1038","Lontra felina (Molina, 1782)",-71.533333,-32.916668
"1045","Lontra felina (Molina, 1782)",-73.599998,-43.916668
